{
  "id": "",
  "name": "",
  "font_family": "iconfont",
  "css_prefix_text": "icon-",
  "description": "",
  "glyphs": [
    {
      "icon_id": "1305048",
      "name": "温度",
      "font_class": "wendu",
      "unicode": "e62e",
      "unicode_decimal": 58926
    },
    {
      "icon_id": "3145454",
      "name": "湿度",
      "font_class": "shidu",
      "unicode": "e605",
      "unicode_decimal": 58885
    },
    {
      "icon_id": "3402343",
      "name": "月亮",
      "font_class": "yueliang",
      "unicode": "e6b8",
      "unicode_decimal": 59064
    },
    {
      "icon_id": "4354244",
      "name": "表单组件-按钮",
      "font_class": "biaodanzujian-anniu",
      "unicode": "eb94",
      "unicode_decimal": 60308
    },
    {
      "icon_id": "5203296",
      "name": "水滴",
      "font_class": "shuidi",
      "unicode": "e634",
      "unicode_decimal": 58932
    },
    {
      "icon_id": "5483402",
      "name": "太阳",
      "font_class": "taiyang",
      "unicode": "e6db",
      "unicode_decimal": 59099
    },
    {
      "icon_id": "6677867",
      "name": "农业技术",
      "font_class": "nongyejishu",
      "unicode": "e60b",
      "unicode_decimal": 58891
    }
  ]
}
